{"_type":"export","__export_format":4,"__export_date":"2021-03-19T15:18:22.454Z","__export_source":"insomnia.desktop.app:v2021.1.1","resources":[{"_id":"req_f1e30b3b4a7e4afaa123e9537f6f12cc","parentId":"fld_d899bbb33c9d45f2845c04a7fa7a8269","modified":1615828786278,"created":1615140757865,"url":"{{ _.academico }}/users","name":"get-users","description":"","method":"GET","body":{},"parameters":[],"headers":[],"authentication":{"type":"bearer","token":"eyJhbGciOiJIUzI1NiIsInR5cCI6IkpXVCJ9.eyJpZCI6IjdiMDcyODA4LWIwMDItNDk4ZC04NTEyLTg2OWYyODdkN2M0MSIsImlhdCI6MTYxNTgyODc1OSwiZXhwIjoxNjE1OTE1MTU5fQ.j3VrfMXWalhgS-XjBZmO9J9p9lgjdc-TbAggT5Wp1Zs"},"metaSortKey":-1615140757865,"isPrivate":false,"settingStoreCookies":true,"settingSendCookies":true,"settingDisableRenderRequestBody":false,"settingEncodeUrl":true,"settingRebuildPath":true,"settingFollowRedirects":"global","_type":"request"},{"_id":"fld_d899bbb33c9d45f2845c04a7fa7a8269","parentId":"fld_569dfb66cb2840c6b7faf69ddadd327d","modified":1615140726069,"created":1615140726069,"name":"users","description":"","environment":{},"environmentPropertyOrder":null,"metaSortKey":-1615140726069,"_type":"request_group"},{"_id":"fld_569dfb66cb2840c6b7faf69ddadd327d","parentId":"wrk_86418c6c34dc4723aeafcc9907edba86","modified":1615135522489,"created":1615135522489,"name":"app-academico","description":"","environment":{},"environmentPropertyOrder":null,"metaSortKey":-1615135522489,"_type":"request_group"},{"_id":"wrk_86418c6c34dc4723aeafcc9907edba86","parentId":null,"modified":1615135488883,"created":1615135488883,"name":"Insomnia","description":"","scope":"collection","_type":"workspace"},{"_id":"req_6305567f52b14f029552c777255771c5","parentId":"fld_d899bbb33c9d45f2845c04a7fa7a8269","modified":1615828783026,"created":1615140791081,"url":"{{ _.academico }}/users","name":"post-users","description":"","method":"POST","body":{"mimeType":"application/json","text":"{\n\t\"name\": \"maria\",\n\t\"email\": \"maria@gmail.com\",\n\t\"password\": \"123456\",\n\t\"confirm_password\": \"123456\"\n}"},"parameters":[],"headers":[{"name":"Content-Type","value":"application/json","id":"pair_91f5f1c254de47c2a67b14b279cf5e5b"}],"authentication":{"type":"bearer","token":"eyJhbGciOiJIUzI1NiIsInR5cCI6IkpXVCJ9.eyJpZCI6IjdiMDcyODA4LWIwMDItNDk4ZC04NTEyLTg2OWYyODdkN2M0MSIsImlhdCI6MTYxNTgyODc1OSwiZXhwIjoxNjE1OTE1MTU5fQ.j3VrfMXWalhgS-XjBZmO9J9p9lgjdc-TbAggT5Wp1Zs"},"metaSortKey":-1615140791081,"isPrivate":false,"settingStoreCookies":true,"settingSendCookies":true,"settingDisableRenderRequestBody":false,"settingEncodeUrl":true,"settingRebuildPath":true,"settingFollowRedirects":"global","_type":"request"},{"_id":"req_a6d6345fbe564c61a50e3d2e11e37755","parentId":"fld_d899bbb33c9d45f2845c04a7fa7a8269","modified":1615828779541,"created":1615140820217,"url":"{{ _.academico }}/users/2abfcf47-6766-4201-b5a6-fba3509cb467","name":"put-users-byId","description":"","method":"PUT","body":{"mimeType":"application/json","text":"{\n\t\"email\": \"tassio@gmail.com\",\n\t\"name\": \"Tassio atualizado\",\n\t\"password\": \"12345678\",\n\t\"confirm_password\": \"12345678\"\n}"},"parameters":[],"headers":[{"name":"Content-Type","value":"application/json","id":"pair_d0d3e7149e4646cc8bb8b1450649734d"}],"authentication":{"type":"bearer","token":"eyJhbGciOiJIUzI1NiIsInR5cCI6IkpXVCJ9.eyJpZCI6IjdiMDcyODA4LWIwMDItNDk4ZC04NTEyLTg2OWYyODdkN2M0MSIsImlhdCI6MTYxNTgyODc1OSwiZXhwIjoxNjE1OTE1MTU5fQ.j3VrfMXWalhgS-XjBZmO9J9p9lgjdc-TbAggT5Wp1Zs"},"metaSortKey":-1615140820217,"isPrivate":false,"settingStoreCookies":true,"settingSendCookies":true,"settingDisableRenderRequestBody":false,"settingEncodeUrl":true,"settingRebuildPath":true,"settingFollowRedirects":"global","_type":"request"},{"_id":"req_4c5024effaa74ee2a313a8de7f43535d","parentId":"fld_d899bbb33c9d45f2845c04a7fa7a8269","modified":1615828860208,"created":1615140863489,"url":"{{ _.academico }}/users/fb0d66ca-f928-469d-957c-fb125f6de01c","name":"delete-users-byId","description":"","method":"DELETE","body":{},"parameters":[],"headers":[],"authentication":{"type":"bearer","token":"eyJhbGciOiJIUzI1NiIsInR5cCI6IkpXVCJ9.eyJpZCI6IjdiMDcyODA4LWIwMDItNDk4ZC04NTEyLTg2OWYyODdkN2M0MSIsImlhdCI6MTYxNTgyODc1OSwiZXhwIjoxNjE1OTE1MTU5fQ.j3VrfMXWalhgS-XjBZmO9J9p9lgjdc-TbAggT5Wp1Zs"},"metaSortKey":-1615140863489,"isPrivate":false,"settingStoreCookies":true,"settingSendCookies":true,"settingDisableRenderRequestBody":false,"settingEncodeUrl":true,"settingRebuildPath":true,"settingFollowRedirects":"global","_type":"request"},{"_id":"req_346d1e4559024ff7b60c773ca3a0f695","parentId":"fld_d899bbb33c9d45f2845c04a7fa7a8269","modified":1615828771863,"created":1615140899042,"url":"{{ _.academico }}/users/2abfcf47-6766-4201-b5a6-fba3509cb467","name":"get-users-byId","description":"","method":"GET","body":{},"parameters":[],"headers":[],"authentication":{"type":"bearer","token":"eyJhbGciOiJIUzI1NiIsInR5cCI6IkpXVCJ9.eyJpZCI6IjdiMDcyODA4LWIwMDItNDk4ZC04NTEyLTg2OWYyODdkN2M0MSIsImlhdCI6MTYxNTgyODc1OSwiZXhwIjoxNjE1OTE1MTU5fQ.j3VrfMXWalhgS-XjBZmO9J9p9lgjdc-TbAggT5Wp1Zs"},"metaSortKey":-1615140899042,"isPrivate":false,"settingStoreCookies":true,"settingSendCookies":true,"settingDisableRenderRequestBody":false,"settingEncodeUrl":true,"settingRebuildPath":true,"settingFollowRedirects":"global","_type":"request"},{"_id":"req_b62fdce58a6143f98e073eecec21f32f","parentId":"fld_50bd66946fe141ce913062a4adc73df5","modified":1615143429988,"created":1615141008914,"url":"{{ _.academico }}/auth","name":"post-login","description":"","method":"POST","body":{"mimeType":"application/json","text":"{\n    \"email\": \"ygor@gmail.com\",\n    \"password\": \"123456\"\n}"},"parameters":[],"headers":[{"name":"Content-Type","value":"application/json","id":"pair_eb495b01167d4a96b5f972e4215e40a4"}],"authentication":{"type":"bearer","token":""},"metaSortKey":-1615141008914,"isPrivate":false,"settingStoreCookies":true,"settingSendCookies":true,"settingDisableRenderRequestBody":false,"settingEncodeUrl":true,"settingRebuildPath":true,"settingFollowRedirects":"global","_type":"request"},{"_id":"fld_50bd66946fe141ce913062a4adc73df5","parentId":"fld_569dfb66cb2840c6b7faf69ddadd327d","modified":1615140987201,"created":1615140987201,"name":"auth","description":"","environment":{},"environmentPropertyOrder":null,"metaSortKey":-1615140987201,"_type":"request_group"},{"_id":"req_ed03ffbfa8b7404fa95de913f6995176","parentId":"fld_8d75b437248c40b8b5c8f02f5163c868","modified":1615158885180,"created":1615149840345,"url":"{{ _.academico }}/disciplines","name":"get-disciplines","description":"","method":"GET","body":{},"parameters":[],"headers":[],"authentication":{},"metaSortKey":-1615149840393,"isPrivate":false,"settingStoreCookies":true,"settingSendCookies":true,"settingDisableRenderRequestBody":false,"settingEncodeUrl":true,"settingRebuildPath":true,"settingFollowRedirects":"global","_type":"request"},{"_id":"fld_8d75b437248c40b8b5c8f02f5163c868","parentId":"fld_569dfb66cb2840c6b7faf69ddadd327d","modified":1615149822382,"created":1615149822382,"name":"disciplines","description":"","environment":{},"environmentPropertyOrder":null,"metaSortKey":-1615149822382,"_type":"request_group"},{"_id":"req_7d9d33f32fbb44c19af1b47c9d45862d","parentId":"fld_8d75b437248c40b8b5c8f02f5163c868","modified":1616122630875,"created":1615149891736,"url":"{{ _.academico }}/disciplines","name":"post-disciplines","description":"","method":"POST","body":{"mimeType":"application/json","text":"{\n\t\"code\": \"CIC110\",\n\t\"name\": \"Computação Gráfica\",\n\t\"workload\": 64\n}\n\n"},"parameters":[],"headers":[{"name":"Content-Type","value":"application/json","id":"pair_29ec124448104117ae690779a6bb0ea1"}],"authentication":{},"metaSortKey":-1615149891736,"isPrivate":false,"settingStoreCookies":true,"settingSendCookies":true,"settingDisableRenderRequestBody":false,"settingEncodeUrl":true,"settingRebuildPath":true,"settingFollowRedirects":"global","_type":"request"},{"_id":"req_b7c76e30ed7345cd9ddef3bef65ffb32","parentId":"fld_8d75b437248c40b8b5c8f02f5163c868","modified":1615847546394,"created":1615158173868,"url":"{{ _.academico }}/disciplines/b72ed768-bc74-4d41-ad5f-4b21e4c4bdc6","name":"get-disciplines-byId","description":"","method":"GET","body":{},"parameters":[],"headers":[],"authentication":{},"metaSortKey":-1615158173868,"isPrivate":false,"settingStoreCookies":true,"settingSendCookies":true,"settingDisableRenderRequestBody":false,"settingEncodeUrl":true,"settingRebuildPath":true,"settingFollowRedirects":"global","_type":"request"},{"_id":"req_5c79169a8b5c470ca726861ecc9bc669","parentId":"fld_8d75b437248c40b8b5c8f02f5163c868","modified":1615413305377,"created":1615158535268,"url":"{{ _.academico }}/disciplines/2bb83f1b-3872-48ff-b95e-0f80f622108a","name":"put-disciplines-byId","description":"","method":"PUT","body":{"mimeType":"application/json","text":"{\n\t\"code\": \"SIN210\",\n\t\"name\": \"Auditoria em Sistemas de Informação\",\n\t\"workload\": 64\n}"},"parameters":[],"headers":[{"name":"Content-Type","value":"application/json","id":"pair_e06da7116c224e5aa718af8a23dd497f"}],"authentication":{},"metaSortKey":-1615158535268,"isPrivate":false,"settingStoreCookies":true,"settingSendCookies":true,"settingDisableRenderRequestBody":false,"settingEncodeUrl":true,"settingRebuildPath":true,"settingFollowRedirects":"global","_type":"request"},{"_id":"req_6fc36798477f48418c48eafe0d247e75","parentId":"fld_8d75b437248c40b8b5c8f02f5163c868","modified":1615831086907,"created":1615158786444,"url":"{{ _.academico }}/disciplines/6a3a38bf-1f1d-4e94-963e-da7606154a35","name":"delete-disciplines-byId","description":"","method":"DELETE","body":{},"parameters":[],"headers":[],"authentication":{},"metaSortKey":-1615158786444,"isPrivate":false,"settingStoreCookies":true,"settingSendCookies":true,"settingDisableRenderRequestBody":false,"settingEncodeUrl":true,"settingRebuildPath":true,"settingFollowRedirects":"global","_type":"request"},{"_id":"req_5f0bb22d430849208d455179db9645e2","parentId":"fld_ab59b5f893e94933b372d6dd2ba42628","modified":1615341260665,"created":1615341247044,"url":"{{ _.academico }}/courses","name":"get-courses","description":"","method":"GET","body":{},"parameters":[],"headers":[],"authentication":{},"metaSortKey":-1615341247044,"isPrivate":false,"settingStoreCookies":true,"settingSendCookies":true,"settingDisableRenderRequestBody":false,"settingEncodeUrl":true,"settingRebuildPath":true,"settingFollowRedirects":"global","_type":"request"},{"_id":"fld_ab59b5f893e94933b372d6dd2ba42628","parentId":"fld_569dfb66cb2840c6b7faf69ddadd327d","modified":1615341229822,"created":1615341229822,"name":"courses","description":"","environment":{},"environmentPropertyOrder":null,"metaSortKey":-1615341229822,"_type":"request_group"},{"_id":"req_f87327e99d98441a95ef4344b71170b3","parentId":"fld_ab59b5f893e94933b372d6dd2ba42628","modified":1616023661604,"created":1615341292052,"url":"{{ _.academico }}/courses","name":"post-courses","description":"","method":"POST","body":{"mimeType":"application/json","text":"{\n\t\"name\": \"Engenharia da Computação\"\n}"},"parameters":[],"headers":[{"name":"Content-Type","value":"application/json","id":"pair_c782fce4fabc4924900cb12402109d5c"}],"authentication":{},"metaSortKey":-1615341292052,"isPrivate":false,"settingStoreCookies":true,"settingSendCookies":true,"settingDisableRenderRequestBody":false,"settingEncodeUrl":true,"settingRebuildPath":true,"settingFollowRedirects":"global","_type":"request"},{"_id":"req_957153ca800142c2a8d85df3ee508e94","parentId":"fld_ab59b5f893e94933b372d6dd2ba42628","modified":1615820456911,"created":1615341382236,"url":"{{ _.academico }}/courses/ad3796b2-94b7-4eb5-bb8d-50f823f73b8a","name":"get-courses-byId","description":"","method":"GET","body":{},"parameters":[],"headers":[],"authentication":{},"metaSortKey":-1615341382236,"isPrivate":false,"settingStoreCookies":true,"settingSendCookies":true,"settingDisableRenderRequestBody":false,"settingEncodeUrl":true,"settingRebuildPath":true,"settingFollowRedirects":"global","_type":"request"},{"_id":"req_dfa7a5dbcf414db3a341d593a7257b1d","parentId":"fld_ab59b5f893e94933b372d6dd2ba42628","modified":1615413089396,"created":1615341520836,"url":"{{ _.academico }}/courses/abfda222-6dbf-4e4a-9720-7d766e3f5da0","name":"put-courses-byId","description":"","method":"PUT","body":{"mimeType":"application/json","text":"{\n\t\"name\": \"Eng. Computação\"\n}"},"parameters":[],"headers":[{"name":"Content-Type","value":"application/json","id":"pair_70c60ab384414a0f8529433e183a032d"}],"authentication":{},"metaSortKey":-1615341520836,"isPrivate":false,"settingStoreCookies":true,"settingSendCookies":true,"settingDisableRenderRequestBody":false,"settingEncodeUrl":true,"settingRebuildPath":true,"settingFollowRedirects":"global","_type":"request"},{"_id":"req_0fe0a05112ad427b94c09987f0332f35","parentId":"fld_ab59b5f893e94933b372d6dd2ba42628","modified":1615510443252,"created":1615341750181,"url":"{{ _.academico }}/courses/1c090610-8559-4f7a-80d0-c6e0a5bf84c4","name":"delete-courses-byId","description":"","method":"DELETE","body":{},"parameters":[],"headers":[],"authentication":{},"metaSortKey":-1615341750181,"isPrivate":false,"settingStoreCookies":true,"settingSendCookies":true,"settingDisableRenderRequestBody":false,"settingEncodeUrl":true,"settingRebuildPath":true,"settingFollowRedirects":"global","_type":"request"},{"_id":"req_2bb9f305fb334317aa04b5bca854c695","parentId":"fld_923eccad46c540d59239d9892b94f555","modified":1615507909007,"created":1615419854629,"url":"{{ _.academico }}/students","name":"get-students","description":"","method":"GET","body":{},"parameters":[],"headers":[],"authentication":{},"metaSortKey":-1615419854629,"isPrivate":false,"settingStoreCookies":true,"settingSendCookies":true,"settingDisableRenderRequestBody":false,"settingEncodeUrl":true,"settingRebuildPath":true,"settingFollowRedirects":"global","_type":"request"},{"_id":"fld_923eccad46c540d59239d9892b94f555","parentId":"fld_569dfb66cb2840c6b7faf69ddadd327d","modified":1615419845246,"created":1615419845246,"name":"students","description":"","environment":{},"environmentPropertyOrder":null,"metaSortKey":-1615419845246,"_type":"request_group"},{"_id":"req_1c113a5fd77945a28482f16d1897d9b2","parentId":"fld_923eccad46c540d59239d9892b94f555","modified":1615742724933,"created":1615419891515,"url":"{{ _.academico }}/students","name":"post-students","description":"","method":"POST","body":{"mimeType":"application/json","text":"{\n\t\"matriculation\": \"201706\",\n\t\"name\": \"Antonio Nunes\",\n\t\"course\": {\n\t\t\"id\": \"2ddfbadb-1de3-4917-a28f-903934df51f4\",\n    \"name\": \"Ciência da Computação\",\n    \"created_at\": \"2021-03-13T18:07:09.000Z\"\n  }\n}"},"parameters":[],"headers":[{"name":"Content-Type","value":"application/json","id":"pair_cd21c28b6f4f4a1391968e357bfef83d"}],"authentication":{},"metaSortKey":-1615419891515,"isPrivate":false,"settingStoreCookies":true,"settingSendCookies":true,"settingDisableRenderRequestBody":false,"settingEncodeUrl":true,"settingRebuildPath":true,"settingFollowRedirects":"global","_type":"request"},{"_id":"req_8b82e83e1eac4dffa32c80c4f2430c0d","parentId":"fld_923eccad46c540d59239d9892b94f555","modified":1615507933946,"created":1615507850914,"url":"{{ _.academico }}/students/5a8e0bd8-214e-471a-afdd-eeef31c713f0","name":"get-students-byId","description":"","method":"GET","body":{},"parameters":[],"headers":[],"authentication":{},"metaSortKey":-1615507850915,"isPrivate":false,"settingStoreCookies":true,"settingSendCookies":true,"settingDisableRenderRequestBody":false,"settingEncodeUrl":true,"settingRebuildPath":true,"settingFollowRedirects":"global","_type":"request"},{"_id":"req_81a5d4127ce24dd7b880592b85320947","parentId":"fld_923eccad46c540d59239d9892b94f555","modified":1615585792219,"created":1615507968881,"url":"{{ _.academico }}/students/fe7502ff-27f5-4bbc-a0bf-f06094993cba","name":"put-students-byId","description":"","method":"PUT","body":{"mimeType":"application/json","text":"{\n    \"matriculation\": 201706,\n    \"name\": \"Joelma Rodrigues\",\n    \"course_id\": \"30237728-0da6-42da-a92c-1a5c9f226b16\"\n  }"},"parameters":[],"headers":[{"name":"Content-Type","value":"application/json","id":"pair_c5a98417c5da4b50ab6d4f31568fba6d"}],"authentication":{},"metaSortKey":-1615507968881,"isPrivate":false,"settingStoreCookies":true,"settingSendCookies":true,"settingDisableRenderRequestBody":false,"settingEncodeUrl":true,"settingRebuildPath":true,"settingFollowRedirects":"global","_type":"request"},{"_id":"req_edf4a0c9a8864651b2e56b496ba77170","parentId":"fld_923eccad46c540d59239d9892b94f555","modified":1615508884718,"created":1615508876048,"url":"{{ _.academico }}/students/5a8e0bd8-214e-471a-afdd-eeef31c713f0","name":"delete-students-byId","description":"","method":"DELETE","body":{},"parameters":[],"headers":[],"authentication":{},"metaSortKey":-1615508876049,"isPrivate":false,"settingStoreCookies":true,"settingSendCookies":true,"settingDisableRenderRequestBody":false,"settingEncodeUrl":true,"settingRebuildPath":true,"settingFollowRedirects":"global","_type":"request"},{"_id":"req_81687465fdbc48368ff1a6719e8843fd","parentId":"fld_e1404300457a401393b5baec60998027","modified":1615597398836,"created":1615593043720,"url":"{{ _.academico }}/grids","name":"get-grids","description":"","method":"GET","body":{},"parameters":[],"headers":[],"authentication":{},"metaSortKey":-1615593043720,"isPrivate":false,"settingStoreCookies":true,"settingSendCookies":true,"settingDisableRenderRequestBody":false,"settingEncodeUrl":true,"settingRebuildPath":true,"settingFollowRedirects":"global","_type":"request"},{"_id":"fld_e1404300457a401393b5baec60998027","parentId":"fld_569dfb66cb2840c6b7faf69ddadd327d","modified":1615593034800,"created":1615593034800,"name":"grids","description":"","environment":{},"environmentPropertyOrder":null,"metaSortKey":-1615593034800,"_type":"request_group"},{"_id":"req_d3f4b10eecf547ee871fa2b05e64ea2f","parentId":"fld_e1404300457a401393b5baec60998027","modified":1615847250367,"created":1615593078376,"url":"{{ _.academico }}/grids","name":"post-grids","description":"","method":"POST","body":{"mimeType":"application/json","text":"{\n\t\"year\": 2017,\n\t\"course\": {\n\t\t\"id\": \"2ddfbadb-1de3-4917-a28f-903934df51f4\",\n    \"name\": \"Ciência da Computação\",\n    \"created_at\": \"2021-03-13T18:07:09.000Z\"\n\t},\n\t\"disciplines\": [\n\t\t{\n\t\t\t\"id\": \"3d279b1d-a993-4e04-8a61-bf7af2861cd1\",\n\t\t\t\"code\": \"COM110\",\n\t\t\t\"name\": \"Fundamentos de Programação\",\n\t\t\t\"workload\": 80,\n\t\t\t\"created_at\": \"2021-03-13T18:05:15.000Z\",\n\t\t\t\"deleted_at\": null\n\t\t},\n\t\t{\n\t\t\t\"id\": \"e78b3148-f6b5-4e55-8d4a-829fbce23fea\",\n\t\t\t\"code\": \"COM111\",\n\t\t\t\"name\": \"Estrutura de Dados I\",\n\t\t\t\"workload\": 96,\n\t\t\t\"created_at\": \"2021-03-13T18:05:30.000Z\",\n\t\t\t\"deleted_at\": null\n\t\t},\n\t\t{\n\t\t\t\"id\": \"b72ed768-bc74-4d41-ad5f-4b21e4c4bdc6\",\n\t\t\t\"code\": \"MAT001\",\n\t\t\t\"name\": \"Cálculo I\",\n\t\t\t\"workload\": 96,\n\t\t\t\"created_at\": \"2021-03-13T18:05:51.000Z\",\n\t\t\t\"deleted_at\": null\n\t\t},\n\t\t{\n\t\t\t\"id\": \"6a3a38bf-1f1d-4e94-963e-da7606154a35\",\n\t\t\t\"code\": \"COM210\",\n\t\t\t\"name\": \"Orientação a Objetos 1\",\n\t\t\t\"workload\": 64,\n\t\t\t\"created_at\": \"2021-03-14T15:13:15.000Z\",\n\t\t\t\"deleted_at\": null\n\t\t}\n\t]\n}"},"parameters":[],"headers":[{"name":"Content-Type","value":"application/json","id":"pair_fc385d76362b4bcf9946688ffff6457f"}],"authentication":{},"metaSortKey":-1615593078376,"isPrivate":false,"settingStoreCookies":true,"settingSendCookies":true,"settingDisableRenderRequestBody":false,"settingEncodeUrl":true,"settingRebuildPath":true,"settingFollowRedirects":"global","_type":"request"},{"_id":"req_23cffa8cd76c47f9b0efcd3cec80923e","parentId":"fld_e1404300457a401393b5baec60998027","modified":1615826488930,"created":1615595741369,"url":"{{ _.academico }}/grids/ad3796b2-94b7-4eb5-bb8d-50f823f73b8a","name":"get-grid-byCourseId","description":"","method":"GET","body":{},"parameters":[],"headers":[],"authentication":{},"metaSortKey":-1615595741415,"isPrivate":false,"settingStoreCookies":true,"settingSendCookies":true,"settingDisableRenderRequestBody":false,"settingEncodeUrl":true,"settingRebuildPath":true,"settingFollowRedirects":"global","_type":"request"},{"_id":"req_8e64a62a5e9f4c48a1a42227987e44cb","parentId":"fld_e1404300457a401393b5baec60998027","modified":1615597953419,"created":1615597577449,"url":"{{ _.academico }}/grids/88dc83f9-874d-4b93-9932-c8e3c2646b14","name":"put-grid-byCourseId","description":"","method":"PUT","body":{"mimeType":"application/json","text":"{\n\t\"year\": \"2016\",\n\t\"course_id\": \"ffeb3774-8ad5-4a2e-9bad-a68ecec68973\"\n}"},"parameters":[],"headers":[{"name":"Content-Type","value":"application/json","id":"pair_38edf9a34f6c4702b10f76c2c95c2b21"}],"authentication":{},"metaSortKey":-1615597577449,"isPrivate":false,"settingStoreCookies":true,"settingSendCookies":true,"settingDisableRenderRequestBody":false,"settingEncodeUrl":true,"settingRebuildPath":true,"settingFollowRedirects":"global","_type":"request"},{"_id":"req_1b8254af63a04cf8b8c0f2186311bf17","parentId":"fld_e1404300457a401393b5baec60998027","modified":1615734004095,"created":1615598064184,"url":"{{ _.academico }}/grids/ad3796b2-94b7-4eb5-bb8d-50f823f73b8a","name":"delete-grid-byCourseId","description":"","method":"DELETE","body":{},"parameters":[],"headers":[],"authentication":{},"metaSortKey":-1615598064185,"isPrivate":false,"settingStoreCookies":true,"settingSendCookies":true,"settingDisableRenderRequestBody":false,"settingEncodeUrl":true,"settingRebuildPath":true,"settingFollowRedirects":"global","_type":"request"},{"_id":"req_96d542b89df345698df516af7a4d2cf0","parentId":"fld_b3a9827854794ef9b2435ec630a1c524","modified":1616011099808,"created":1616009550273,"url":"{{ _.academico }}/historics","name":"get-historics-byStudent","description":"","method":"GET","body":{"mimeType":"application/json","text":"{\n\t\"student\": {\n\t\t\"id\": \"e0770020-6454-492e-adb8-11199bb041a9\",\n    \"matriculation\": 201701,\n    \"name\": \"Ygor Salles\",\n    \"course_id\": \"ad3796b2-94b7-4eb5-bb8d-50f823f73b8a\",\n    \"created_at\": \"2021-03-13T18:09:03.000Z\"\n\t}\n}"},"parameters":[],"headers":[{"name":"Content-Type","value":"application/json","id":"pair_94446ada446d4bc2b64c121c01e64afa"}],"authentication":{},"metaSortKey":-1616009550273,"isPrivate":false,"settingStoreCookies":true,"settingSendCookies":true,"settingDisableRenderRequestBody":false,"settingEncodeUrl":true,"settingRebuildPath":true,"settingFollowRedirects":"global","_type":"request"},{"_id":"fld_b3a9827854794ef9b2435ec630a1c524","parentId":"fld_569dfb66cb2840c6b7faf69ddadd327d","modified":1616009527788,"created":1616009527788,"name":"historics","description":"","environment":{},"environmentPropertyOrder":null,"metaSortKey":-1616009527788,"_type":"request_group"},{"_id":"req_5d332a901118439fbe708f48e90b786f","parentId":"fld_b3a9827854794ef9b2435ec630a1c524","modified":1616110404014,"created":1616009573681,"url":"{{ _.academico }}/historics","name":"post-historics","description":"","method":"POST","body":{"mimeType":"application/json","text":"{\n\t\"student\": {\n\t\t\"id\": \"e0770020-6454-492e-adb8-11199bb041a9\",\n    \"matriculation\": 201701,\n    \"name\": \"Ygor Salles\",\n    \"course_id\": \"ad3796b2-94b7-4eb5-bb8d-50f823f73b8a\",\n    \"created_at\": \"2021-03-13T18:09:03.000Z\"\n\t},\n\t\"semester\": 1,\n\t\"year\": 2017\n}"},"parameters":[],"headers":[{"name":"Content-Type","value":"application/json","id":"pair_49be976874f14df7a7960c158cc8183a"}],"authentication":{},"metaSortKey":-1616009573681,"isPrivate":false,"settingStoreCookies":true,"settingSendCookies":true,"settingDisableRenderRequestBody":false,"settingEncodeUrl":true,"settingRebuildPath":true,"settingFollowRedirects":"global","_type":"request"},{"_id":"req_6195e88ac6564f9a8906566ac8e2a9bb","parentId":"fld_b3a9827854794ef9b2435ec630a1c524","modified":1616105865169,"created":1616010537866,"url":"{{ _.academico }}/historics/e21034d2-a0fe-4514-b6f8-3fd50128ac3b","name":"delete-historics-byId","description":"","method":"DELETE","body":{},"parameters":[],"headers":[],"authentication":{},"metaSortKey":-1616010537866,"isPrivate":false,"settingStoreCookies":true,"settingSendCookies":true,"settingDisableRenderRequestBody":false,"settingEncodeUrl":true,"settingRebuildPath":true,"settingFollowRedirects":"global","_type":"request"},{"_id":"req_880eb8d567484230a92d733418bb534d","parentId":"fld_b3a9827854794ef9b2435ec630a1c524","modified":1616010706644,"created":1616010672521,"url":"{{ _.academico }}/historics","name":"delete-historics-byStudent","description":"","method":"DELETE","body":{"mimeType":"application/json","text":"{\n\t\"student\": {\n\t\t\"id\": \"e0770020-6454-492e-adb8-11199bb041a9\",\n    \"matriculation\": 201701,\n    \"name\": \"Ygor Salles\",\n    \"course_id\": \"ad3796b2-94b7-4eb5-bb8d-50f823f73b8a\",\n    \"created_at\": \"2021-03-13T18:09:03.000Z\"\n\t}\n}"},"parameters":[],"headers":[{"name":"Content-Type","value":"application/json","id":"pair_dcb6fc103a0d4abb8ac1775d4f297119"}],"authentication":{},"metaSortKey":-1616010672521,"isPrivate":false,"settingStoreCookies":true,"settingSendCookies":true,"settingDisableRenderRequestBody":false,"settingEncodeUrl":true,"settingRebuildPath":true,"settingFollowRedirects":"global","_type":"request"},{"_id":"req_4d95e0ba5169409b8a60c204bdf346ad","parentId":"fld_b3a9827854794ef9b2435ec630a1c524","modified":1616014689124,"created":1616011751498,"url":"{{ _.academico }}/historics/a43c9b90-92bf-4a17-8e30-9edf83d124a0","name":"update-historics-byId","description":"","method":"PUT","body":{"mimeType":"application/json","text":"{\n\t\"student\": {\n\t\t\"id\": \"e0770020-6454-492e-adb8-11199bb041a9\",\n    \"matriculation\": 201701,\n    \"name\": \"Ygor Salles\",\n    \"course_id\": \"ad3796b2-94b7-4eb5-bb8d-50f823f73b8a\",\n    \"created_at\": \"2021-03-13T18:09:03.000Z\"\n\t},\n\t\"semester\": 2,\n\t\"year\": 2017\n}"},"parameters":[],"headers":[{"name":"Content-Type","value":"application/json","id":"pair_2e56523f4c3f418da90bbc888caaa226"}],"authentication":{},"metaSortKey":-1616011751498,"isPrivate":false,"settingStoreCookies":true,"settingSendCookies":true,"settingDisableRenderRequestBody":false,"settingEncodeUrl":true,"settingRebuildPath":true,"settingFollowRedirects":"global","_type":"request"},{"_id":"req_c3503a37e2524e2e892d685325468f40","parentId":"fld_0948be8112f3433188aa17c8eb27dec7","modified":1616165439526,"created":1616104021541,"url":"{{ _.academico }}/histDisc","name":"execute","description":"","method":"POST","body":{"mimeType":"application/json","text":"{\n\t\"listHistoric\": [\n\t\t{\n\t\t\t\"matriculation\": 201701,\n\t\t\t\"historic_id\": \"0caf01cc-8e25-4c66-b2af-48462f40b50e\",\n\t\t\t\"discipline_id\": \"6a3a38bf-1f1d-4e94-963e-da7606154a35\",\n\t\t\t\"note_discipline\": 6\n\t\t},\n\t\t{\n\t\t\t\"matriculation\": 201701,\n\t\t\t\"historic_id\": \"0caf01cc-8e25-4c66-b2af-48462f40b50e\",\n\t\t\t\"discipline_id\": \"d13b067a-6303-4d6c-9237-92398259c207\",\n\t\t\t\"note_discipline\": 5\n\t\t}\n\t] \n}\n\n\n\n"},"parameters":[],"headers":[{"name":"Content-Type","value":"application/json","id":"pair_f8664dc118074c37bbf4e7748f405add"}],"authentication":{},"metaSortKey":-1616104021541,"isPrivate":false,"settingStoreCookies":true,"settingSendCookies":true,"settingDisableRenderRequestBody":false,"settingEncodeUrl":true,"settingRebuildPath":true,"settingFollowRedirects":"global","_type":"request"},{"_id":"fld_0948be8112f3433188aa17c8eb27dec7","parentId":"fld_569dfb66cb2840c6b7faf69ddadd327d","modified":1616104009856,"created":1616104009856,"name":"historics-disciplines","description":"","environment":{},"environmentPropertyOrder":null,"metaSortKey":-1616104009856,"_type":"request_group"},{"_id":"env_20fcede1501e0b79780ba873984dc489d55de3c9","parentId":"wrk_86418c6c34dc4723aeafcc9907edba86","modified":1615139764004,"created":1615135488958,"name":"Base Environment","data":{"academico":"http://localhost:3333"},"dataPropertyOrder":{"&":["academico"]},"color":null,"isPrivate":false,"metaSortKey":1615135488959,"_type":"environment"},{"_id":"jar_20fcede1501e0b79780ba873984dc489d55de3c9","parentId":"wrk_86418c6c34dc4723aeafcc9907edba86","modified":1615135488962,"created":1615135488962,"name":"Default Jar","cookies":[],"_type":"cookie_jar"},{"_id":"spc_cf4bb5eb94474b6cb5e2252bd1e1eac8","parentId":"wrk_86418c6c34dc4723aeafcc9907edba86","modified":1615135488884,"created":1615135488884,"fileName":"Insomnia","contents":"","contentType":"yaml","_type":"api_spec"}]}